Meeting Number,Meeting Date,Agenda Type,Agenda Number,Title,Decision,Progress So Far,Departments,Dept Status,CM Office Status,Timeline,Status
44,29.12.2025,AGENDA ITEM,01,"REQUEST FOR SUPPLEMENTARY GRANT OF RS. 3825.176 MILLION FOR ADP 2025-26 SCHEME NO. 140150 TITLED ""KP SAFE CITIES PROJECT""","-","-","Home & Tribal Affairs","Completed","On Target","07/01/2026 - Remaining 0 days",On Target
44,29.12.2025,AGENDA ITEM,02,"REPORT OF THE CABINET'S COMMITTEE CONSTITUTED VIDE ESTABLISHMENT DEPARTMENT NOTIFICATION NO. SOC(E7AD)9-26/2025 DATED 05-03-2025","-","-","Home & Tribal Affairs","","On Target","23/01/2026 - Remaining 16 days",On Target
44,29.12.2025,AGENDA ITEM,03,"DISTRIBUTION POLICY OF RESERVED SEATS IN MEDICAL/DENTAL COLLEGES FOR ERSTWHILE FATA CANDIDATES","-","-","Home & Tribal Affairs","","On Target","09/01/2026 - Remaining 2 days",On Target
44,29.12.2025,AGENDA ITEM,04,"REQUEST FOR COLLABORATION AND FINANCIAL SUPPORT OF RS. 25 MILLION FOR THE PAKISTAN POPULATION SUMMIT 2025","Ex-post facto sanction granted.","-","Finance","","Completed","06/01/2026",Completed
44,29.12.2025,AGENDA ITEM,05,"ESTABLISHMENT OF KHYBER PAKHTUNKHWA NATIONAL FINANCE COMMISSION (NFC) CELL AT SIDB PLAZA","-","-","Finance","","On Target","16/01/2026 - Remaining 9 days",On Target
44,29.12.2025,AGENDA ITEM,06,"FORMATION OF KHYBER PAKHTUNKHWA TAKAFUL COMPANY","-","-","Finance","","On Target","16/01/2026 - Remaining 9 days",On Target
44,29.12.2025,AGENDA ITEM,07,"RECONSTITUTION OF KHYBER PAKHTUNKHWA TRADE TESTING BOARD (KP-TTB)","-","-","Industries","","On Target","14/01/2026 - Remaining 7 days",On Target
44,29.12.2025,AGENDA ITEM,08,"PROVISION OF FUNDS FOR OFFSITE INFRASTRUCTURE AND SECURITY ENABLERS FOR RASHAKAI SEZ","-","Case taken up with FD on 02.01.2025","Finance, Industries","Completed (Industries)","On Target","16/01/2026 - Remaining 9 days",On Target
44,29.12.2025,AGENDA ITEM,09,"GRANT-IN-AID AMOUNTING TO RS. 168.10 MILLION TO KP EDUCATION FOUNDATION","-","-","Higher Education","","On Target","06/01/2026 - Remaining 0 days",On Target
44,29.12.2025,AGENDA ITEM,10,"REPLACEMENT OF 25 CONDEMNED VEHICLES FOR DISTRICT & SESSIONS JUDGES","-","Case taken up with FD on 02.01.2025","Law, Finance","Completed (Law)","On Target","20/01/2026 - Remaining 13 days",On Target
44,29.12.2025,AGENDA ITEM,11,"RELAXATION OF BAN ON PURCHASE OF VEHICLE (JUSTICE (R) FAZAL SUBHAN)","-","Case taken up with FD on 02.01.2026","Law, Finance","Completed (Law)","On Target","20/01/2026 - Remaining 13 days",On Target
44,29.12.2025,AGENDA ITEM,12,"BUDGET ESTIMATES FOR 2025-26 OF KP HOUSING AUTHORITY","Budget approved.","-","Housing","Completed","Completed","06/01/2026",Completed
44,29.12.2025,AGENDA ITEM,13,"RELAXATION OF BAN ON PURCHASE OF VEHICLE FOR GRAVITY FLOW WATER SUPPLY SCHEME","-","-","PHE","","On Target","16/01/2026 - Remaining 9 days",On Target
44,29.12.2025,AGENDA ITEM,14,"NATIONAL ULEMA & MASHAIKH COUNCIL BILL 2025","-","-","Auqaf","","On Target","06/01/2026 - Remaining 0 days",On Target
44,29.12.2025,AGENDA ITEM,15,"SPECIAL COMPENSATION SHUHADA PACKAGE FOR MAULANA FAZAL REHMAN","-","-","Auqaf","","On Target","06/01/2026 - Remaining 0 days",On Target
44,29.12.2025,AGENDA ITEM,16,"REQUEST FOR CHANGE OF NOMENCLATURE OF ADP SCHEME CONSTRUCTION OF ROAD FROM KUZA BANDAI","-","-","C & W","Completed","On Target","15/01/2026 - Remaining 8 days",On Target
44,29.12.2025,AGENDA ITEM,17,"CHANGE OF NOMENCLATURE IN RESPECT OF ADP 2025-26 SCHEME","-","-","E & SE","","On Target","06/01/2026 - Remaining 0 days",On Target
44,29.12.2025,AGENDA ITEM,18,"CHANGE IN NOMENCLATURE OF ADP SCHEME ESTABLISHMENT OF GIRLS CADET COLLEGE D.I.KHAN","-","-","E & SE","","On Target","23/01/2026 - Remaining 16 days",On Target
44,29.12.2025,AGENDA ITEM,19,"EDUCATION INTERNSHIP PROGRAM (EIP) UNDER GOOD GOVERNANCE ROADMAP","-","-","E & SE","","On Target","30/01/2026 - Remaining 23 days",On Target
44,29.12.2025,AGENDA ITEM,20,"RE-ENGAGEMENT OF SCHOOL LEADERS ON CONTRACT BASIS","-","-","E & SE","","On Target","09/01/2026 - Remaining 2 days",On Target
44,29.12.2025,AGENDA ITEM,21,"AMENDMENTS IN THE KHYBER PAKHTUNKHWA CONTROL OF NARCOTIC SUSTANCES ACT (KP-CNSA) 2019","-","-","Excise & Taxation","","On Target","06/01/2026 - Remaining 0 days",On Target
44,29.12.2025,AGENDA ITEM,22,"REQUEST FOR GRANT OF SPECIAL PACKAGE FOR INJURED PERSON SYED MUHAMMAD SHOAIB","-","-","Health","","On Target","06/01/2026 - Remaining 0 days",On Target
44,29.12.2025,AGENDA ITEM,23,"REQUEST FOR FINANCIAL ASSISTANCE (IN R/O LUQMAN HAKEEM)","-","-","Health","","On Target","06/01/2026 - Remaining 0 days",On Target
44,29.12.2025,AGENDA ITEM,24,"REQUEST FOR FINANCIAL ASSISTANCE IN RESPECT OF SHABBIR HUSSAIN REGARDING THALASSEMIA","-","-","Health","","On Target","06/01/2026 - Remaining 0 days",On Target
44,29.12.2025,AGENDA ITEM,25,"FINANCIAL ASSISTANCE FOR TREATMENT OF BLOOD CANCER PATIENT","-","-","Health","","On Target","06/01/2026 - Remaining 0 days",On Target
44,29.12.2025,AGENDA ITEM,26,"COST ENHANCEMENT IN RESPECT OF SCHEMES UPGRADATION OF 6 BHUs TO RHCs ON NEED BASIS","-","-","Health","","On Target","30/01/2026 - Remaining 23 days",On Target
44,29.12.2025,ADD AGENDA ITEM,01,"ENHANCEMENT OF SPECIAL COMPENSATION PACKAGE FOR SHUHADA AND INJURED (PAK-IND CLASHES 2025)","-","-","Relief Rehabilitation & Settlement","Completed","On Target","06/01/2026 - Remaining 0 days",On Target
44,29.12.2025,ADD AGENDA ITEM,02,"SUO-MOTO CASE NO. 08 RE-INSTANTEMENT OF MR. SAJID MEHMOOD SP AND MR. RAHATULLAH SP (EX-SERVICEMEN)","-","-","Home & Tribal Affairs","","On Target","16/01/2026 - Remaining 9 days",On Target
44,29.12.2025,TABLE AGENDA ITEM,01,"FINANCIAL SUPPORT FOR MEDICAL TREATMENT (13 Cases)","-","-","Health","","On Target","06/01/2026 - Remaining 0 days",On Target
44,29.12.2025,TABLE AGENDA ITEM,02,"REQUEST FOR FINANCIAL ASSISTANCE (NUSRAT SHAH)","-","-","Health","","On Target","06/01/2026 - Remaining 0 days",On Target
44,29.12.2025,TABLE AGENDA ITEM,03,"FINANCIAL ASSISTANCE FOR PRE-SURGERY REQUIREMENT FOR KIDNEY TRANSPLANT (BILAL JAN)","-","-","Health","","On Target","06/01/2026 - Remaining 0 days",On Target
44,29.12.2025,TABLE AGENDA ITEM,04,"URGENT REQUEST FOR FINANCIAL ASSISTANCE FOR KIDNEY TRANSPLANT (MUHAMMAD NAWAB)","-","-","Health","","On Target","06/01/2026 - Remaining 0 days",On Target
44,29.12.2025,TABLE AGENDA ITEM,05,"REQUEST FOR FINANCIAL ASSISTANCE FOR TREATMENT OF STARGARDT DISEASES OF THE TWO CHILDREN","-","-","Health","","On Target","06/01/2026 - Remaining 0 days",On Target
44,29.12.2025,TABLE AGENDA ITEM,06,"REQUEST FOR COMPENSATION TO DAMAGED COMMERCIAL PROPERTY/BUSINESS DURING FLOOD AUGUST 2025","-","-","Relief Rehabilitation & Settlement","","On Target","09/01/2026 - Remaining 2 days",On Target
44,29.12.2025,TABLE AGENDA ITEM,07,"AMENDMENT IN THE KHYBER PAKHTUNKHWA PUBLIC SERVICE COMMISSION ORDINANCE, 1978","-","-","Establishment","","On Target","16/01/2026 - Remaining 9 days",On Target
44,29.12.2025,GENERAL DIRECTIONS,01,"GENERAL DIRECTIONS: Administration Department directed to initiate action for vacation of Government accommodations","-","-","Administration","","On Target","23/01/2026 - Remaining 16 days",On Target
44,29.12.2025,GENERAL DIRECTIONS,02,"GENERAL DIRECTIONS: Administration Department directed to retrieve all Government vehicles from retired functionaries","-","-","Administration","","On Target","16/01/2026 - Remaining 9 days",On Target
44,29.12.2025,GENERAL DIRECTIONS,03,"GENERAL DIRECTIONS: Planning & Development Department directed to submit report regarding Government vehicles","-","-","Planning & Development","","On Target","16/01/2026 - Remaining 9 days",On Target
44,29.12.2025,GENERAL DIRECTIONS,04,"GENERAL DIRECTIONS: All Cabinet members to prepare reports for first 100 days of incumbent Chief Minister","-","-","Administration","","On Target","09/01/2026 - Remaining 2 days",On Target
43,19.12.2025,AGENDA ITEM,01,"PROPOSAL FOR INTEGRATION AND REGULATIONS OF STREET VENDORS IN KHYBER PAKHTUNKHWA","-","Case taken up with LAw on 29.12.2025.","Law, LG & RDD","Completed (LG & RDD)","On Target","09/01/2026 - Remaining 2 days",On Target
43,19.12.2025,AGENDA ITEM,02,"THE KHYBER PAKHTUNKHWA PROMOTION OF DIGITAL PAYMENT BILL, 2025","-","Case taken up with Law Department on 30.12.2025. Meeting scheduled on the Bill in Law Deptt on 05.01.2025.","Law, Finance","Completed (Finance)","On Target","13/01/2026 - Remaining 6 days",On Target
43,19.12.2025,AGENDA ITEM,03,"NON ADP SCHEME FOR LAND ACQUISITION FOR GRAVEYARDS IN MANSEHRA","-","-","Auqaf","","On Target","09/01/2026 - Remaining 2 days",On Target
43,19.12.2025,AGENDA ITEM,04,"MEMORANDUM OF UNDERSTANDING (MOU) ON SHARED FISCAL RESPONSIBILITIES FOR FY 2025-26","MoU signed by Secretary Finance.","-","Finance","Completed","Completed","02/01/2026",Completed
43,19.12.2025,AGENDA ITEM,05,"CREATION OF NEW DISTRICT UPPER SWAT","-","-","BoR","","Overdue","30/12/2025 - Delay 7 days",Overdue
43,19.12.2025,ADD AGENDA ITEM,01,"STRENGTHENING OF CTD & SPECIAL BRANCH","-","Cabinet decision communicated on 31.12.2025. Committee notified on 26.12.2025.","Administration, Finance, Home & Tribal Affairs, BoR","Completed (Administration, Home)","On Target","15/01/2026 - Remaining 8 days",On Target
43,19.12.2025,ADD AGENDA ITEM,02,"TRANSFER / ALLOTMENT OF LAND FOR CONSTRUCTION OF 20-BEDDED POLYCLINIC HOSPITAL AT D.I.KHAN FOR ESSI","-","-","Labour","","On Target","06/01/2026 - Remaining 0 days",On Target
43,19.12.2025,ADD AGENDA ITEM,03,"ESTABLISHMENT OF CHIEF SECRETARY SERVICE DELIVERY UNIT (CSSDU)","-","-","Administration","","On Target","09/01/2026 - Remaining 2 days",On Target
43,19.12.2025,ADD AGENDA ITEM,04,"PROPOSED AMENDMENTS TO THE KHYBER PAKHTUNKHWA MEDICAL TEACHING INSTITUTIONS REFORMS BILL, 2015","-","-","Health","","On Target","06/01/2026 - Remaining 0 days",On Target
43,19.12.2025,ADD AGENDA ITEM,05,"APPROVAL OF ENHANCED COST FOR RE-CONSTRUCTION OF WOMAN & CHILDREN HOSPITAL HARIPUR","-","-","Health","","On Target","06/01/2026 - Remaining 0 days",On Target
43,19.12.2025,ADD AGENDA ITEM,06,"APPOINTMENT OF CHIEF EXECUTIVE OFFICER, PAKHTUNKHWA ENERGY DEVELOPMENT ORGANIZATION","Appointment notification issued on 26.12.2025.","-","Energy & Power","Completed","Completed","30/12/2025",Completed
43,19.12.2025,TABLE AGENDA ITEM,01,"EXTENSION OF FINANCE ASSISTANCE PACKAGE TO DISPLACED FAMILIES OF CHARMANG AREA","-","Case taken up with FD on 24.12.2025","Relief Rehabilitation & Settlement, Finance","Completed (Relief)","On Target","12/01/2026 - Remaining 5 days",On Target
43,19.12.2025,GENERAL DIRECTIONS,01,"GENERAL DIRECTIONS: Ministerial Committee on Air Quality and Pollution Control constituted","Committee notified on 26.12.2025","-","Administration, Forest Environment and Wildlife","Completed","Completed","30/12/2025",Completed
43,19.12.2025,GENERAL DIRECTIONS,02,"GENERAL DIRECTIONS: Ministerial Committee on Disparity of Allowances notified afresh","Cabinet Committee on Disparity of Allowances notified on 26.12.2025","-","Administration, Finance","Completed","Completed","30/12/2025",Completed
43,19.12.2025,GENERAL DIRECTIONS,03,"GENERAL DIRECTIONS: All Ministers to undertake fortnightly field inspections","Committee notified on 16.12.2025","-","Administration","Completed","Completed","07/01/2026",Completed
43,19.12.2025,GENERAL DIRECTIONS,04,"GENERAL DIRECTIONS: Comprehensive brief on Good Governance Roadmap to be presented","-","-","Administration","","On Target","07/01/2026 - Remaining 0 days",On Target
43,19.12.2025,GENERAL DIRECTIONS,05,"GENERAL DIRECTIONS: All Departments to transition towards cashless and paperless processes","-","-","Administration, Finance","Completed (Admin)","On Target","07/01/2026 - Remaining 0 days",On Target
42,12.12.2025,AGENDA ITEM,01,"SHUHADA PACKAGE TO LEGAL HEIRS OF LATE CONSTABLE MUHAMMAD WALI","-","Case taken up with FD on 18.12.2025","Finance, Home & Tribal Affairs","Completed (Home)","Overdue","31/12/2025 - Delay 6 days",Overdue
42,12.12.2025,AGENDA ITEM,02,"POSTING OF MR. JAVED ALI AS DIRECTOR, HIGHER EDUCATION ACADEMY","Appointment notification issued on 15.12.2025.","-","Higher Education","Completed","Completed","19/12/2025",Completed
42,12.12.2025,AGENDA ITEM,03,"NOMINATION FOR OFFICE OF MEMBER, PAKISTAN ENGINEERING COUNCIL","Member PEC notified on 15.12.2025.","-","Higher Education","Completed","Completed","19/12/2025",Completed
42,12.12.2025,AGENDA ITEM,04,"RELEASE OF RS. 100 MILLION AS SEED MONEY FOR KP-EDUCATION FOUNDATION","Case taken up with FD on 22.12.2025. Rs 300 M released on 01.01.2025.","Rs 300 M released on 01.01.2025","Finance, Higher Education","Completed","Completed","05/01/2026",Completed
42,12.12.2025,AGENDA ITEM,05,"THE CONSTITUTION (AMENDMENT) BILL, 2025 MOVED BY MS NAEEMA KISHWER MNA","Cabinet decision communicated to Ministry of IPC on 17.12.2025","-","Law","Completed","Completed","19/12/2025",Completed
42,12.12.2025,AGENDA ITEM,06,"APPROVAL OF NON-ADP SCHEME RESTORATION OF EMERGENT FLOOD DAMAGES 2025","Item returned with directions; NFA as of now.","-","Irrigation","On Target","Completed","26/12/2025",Completed
42,12.12.2025,AGENDA ITEM,07,"REQUEST FOR CHANGE IN NOMENCLATURE AND ENHANCEMENT OF COST OF NEW ADP SCHEME","-","-","Irrigation","On Target","On Target","06/01/2026 - Remaining 0 days",On Target
42,12.12.2025,AGENDA ITEM,08,"REQUEST FOR GRANTING NOC TO MD KPITB TO TRAVEL ABROAD","Ex-post facto relaxation of ban granted.","-","ST & IT","","Completed","19/12/2025",Completed
42,12.12.2025,AGENDA ITEM,09,"POSTING/TRANSFER IN RESPECT OF DR. AYUB NAWAZ KHAN, CMO","Notification issued on 17.12.2025.","-","Health","Completed","Completed","19/12/2025",Completed
42,12.12.2025,AGENDA ITEM,10,"BLOCK ALLOCATION OF RS. 232.400 MILLION FOR HIRING OF 830 ADDITIONAL VACCINATORS","-","-","Health","","Overdue","31/12/2025 - Delay 6 days",Overdue
42,12.12.2025,AGENDA ITEM,11,"BUDGET FOR THE POLICY BOARD, KHYBER PAKHTUNKHWA","-","Case taken up with FD on 22.12.2025.","Finance, Health","Completed (Health)","On Target","08/01/2026 - Remaining 1 day",On Target
42,12.12.2025,AGENDA ITEM,12,"REQUEST FOR POSTING AS SENIOR DISTRICT SPECIALIST SKIN IN MTI-DHQ HOSPITAL, BANNU","Posting Notification issued on 24.12.2025.","-","Health","Completed","Completed","19/12/2025",Completed
42,12.12.2025,AGENDA ITEM,13,"REQUEST FOR ENHANCEMENT IN OPERATION BUDGET 2025-26 AND BUDGET ALLOCATION","-","Case taken up with FD on 22.12.2025.","Finance, Health","Completed (Health)","On Target","08/01/2026 - Remaining 1 day",On Target
42,12.12.2025,AGENDA ITEM,14,"REQUEST FOR WAIVING OFF HOUSE RENT DUES ON GOVERNMENT ACCOMMODATION (MALIK MUHAMMAD SAAD)","-","Case taken up with Provincial Assembly Secretariat on 24.12.2025","Administration","On Target","Completed","19/12/2025",Completed
42,12.12.2025,AGENDA ITEM,15,"CHIEF MINISTER DIRECTIVES IN MEMORY OF JAWAD KHAN FIRST YOUNG DECEASED ORGAN DONOR","-","Case taken up with FD on 16.12.2025. Rs 2.1 M released on 21.12.2025.","Auqaf, Finance","Completed","Completed","05/01/2026",Completed
42,12.12.2025,AGENDA ITEM,16,"ENHANCEMENT OF ADP SCHEME COST ESTABLISHMENT OF 260 FWCs IN KHYBER PAKHTUNKHWA","-","-","Population Welfare","","On Target","09/01/2026 - Remaining 2 days",On Target
42,12.12.2025,AGENDA ITEM,17,"REVIVAL OF CONTRIBUTION TO QUAIDE-AZAM'S MAZAR FUND (QMF)","-","Case taken up with FD on 23.12.2025.","Finance, Culture Tourism Archaeology and Museums","Completed","On Target","08/01/2026 - Remaining 1 day",On Target
42,12.12.2025,AGENDA ITEM,19,"REQUEST FOR GRANT-IN-AID IN RESPECT OF SMALL INDUSTRIES DEVELOPMENT BOARD","-","Cabinet decision communicated to MD SIDB on 21.12.2025. Case taken up with FD on 29.12.2026.","Finance, Industries","Completed (Industries)","On Target","15/01/2026 - Remaining 8 days",On Target
42,12.12.2025,AGENDA ITEM,21,"NOMINATION OF ALTERNATE MEMBER FOR RE-CONSTITUTION OF PAKISTAN TOBACCO BOARD","-","Nomination communicated to Ministry of Food Security & Research on 23.12.2025.","Agriculture","Completed","Completed","19/12/2025",Completed
42,12.12.2025,AGENDA ITEM,22,"APPROVAL OF ESCALATED COST UNDER ONGOING 1ST REVISION PROPOSED SCHEME UP-GRADATION OF RESEARCH INSTITUTES","-","-","Agriculture","","Overdue","02/01/2026 - Delay 4 days",Overdue
42,12.12.2025,AGENDA ITEM,23,"IMPLEMENTATION OF E-POSTING/TRANSFER POLICY FOR TEACHING CADRE","E-transfer policy notified on 16.12.2025.","-","E & SE","On Target","Completed","26/12/2025",Completed
42,12.12.2025,AGENDA ITEM,24,"CM DIRECTIVE FOR NON ADP SCHEME CONSTRUCTION AND BT OF 09 KMS ROADS FROM ANWAR MAHAL","-","Next year ADP-NFA as of now.","C & W","","Completed","19/12/2025",Completed
42,12.12.2025,AGENDA ITEM,25,"CM DIRECTIVE FOR NON-ADP SCHEME CONSTRUCTION/REHABILITATION OF BT AND PCC ROADS IN PK-63","-","To be considered in next year's ADP-NFA as of now.","C & W","","Completed","19/12/2025",Completed
42,12.12.2025,ADD AGENDA ITEM,01,"REVERSAL OF PROVINCIAL CHAPTER OF PAKISTAN GIRLS GUIDE ASSOCIATION TO E&SE DEPARTMENT","Item deferred.","-","E & SE","On Target","Completed","19/12/2025",Completed
42,12.12.2025,ADD AGENDA ITEM,02,"RELEASE OF FUNDS FOR COMPLETION OF GOOD GOVERNANCE ROADMAP INTERVENTIONS IN EDUCATION","-","-","E & SE","","Overdue","02/01/2026 - Delay 4 days",Overdue
42,12.12.2025,ADD AGENDA ITEM,03,"SPECIAL COMPENSATION FOR THE VICTIMS OF TIRAH INCIDENT DISTRICT KHYBER","-","Case taken up with FD on 19.12.2025.","Relief Rehabilitation & Settlement, Finance","On Target","On Target","05/01/2026 - Delay 1 day",Overdue
42,12.12.2025,ADD AGENDA ITEM,05,"PROVISION OF POL TO THE CHAIRMEN DISTRICT ZAKAT COMMITTEES","-","Cabinet decision sent to Chairmen Zakat Committees for implementation.","Zakat Ushr Social Welfare and Women Development","Completed","Completed","19/12/2025",Completed
42,12.12.2025,ADD AGENDA ITEM,06,"REQUEST FOR RELEASE OF FUND OF Rs. 2.0 BILLION TO FLAGSHIP ADP SCHEME 240331-EHSAS ROZGAR PROGRAM","-","Case taken up with P&D & FD on 23.12.2025.","Finance, Planning & Development, Zakat Ushr Social Welfare","Completed (Zakat)","On Target","10/01/2026 - Remaining 3 days",On Target
42,12.12.2025,ADD AGENDA ITEM,07,"JOINT RESOLUTION NO. 202 ADOPTED BY THE PROVINCIAL ASSEMBLY","-","Cabinet decision conveyed to Secretary IT, Islamabad on 31.12.2025.","ST & IT","Completed","Completed","19/12/2025",Completed
42,12.12.2025,ADD AGENDA ITEM,08,"APPROVAL OF NON-ADP SCHEME FOR CONSTRUCTION OF FEMALE ACCOMMODATION AT PESHAWAR INSTITUTE OF CARDIOLOGY","-","To be considered in ADP2026-27; NFA as of now.","Health","On Target","Completed","02/01/2026",Completed
42,12.12.2025,ADD AGENDA ITEM,09,"ANNOUNCEMENTS BY EX-CM ESTABLISHMENT OF NURSING COLLEGE IN EXISTING BUILDING OF RPDC JAMRUD","-","-","Health, Higher Education","Completed (Higher Ed)","On Target","12/01/2026 - Remaining 5 days",On Target
42,12.12.2025,ADD AGENDA ITEM,10,"PROVISION OF BRIDGE FINANCING FOR PROJECT KHYBER INSTITUTE OF CHILD HEALTH","-","-","Health","","Overdue","02/01/2026 - Delay 4 days",Overdue
42,12.12.2025,ADD AGENDA ITEM,11,"PROVISION OF BULLET PROOF VEHICLES AT HIGH COURT BENCH LEVEL","-","Case taken up with FD on 18.12.2025. Rs 235 M released on 26.12.2025.","Law, Finance","Completed","Completed","31/12/2025",Completed
42,12.12.2025,ADD AGENDA ITEM,12,"SPECIAL COMPENSATION PACKAGE FOR MALAK KHAN MUHAMMAD JAMIL KHAN","Request not considered. NFA","-","Relief Rehabilitation & Settlement","Completed","Completed","19/12/2025",Completed
42,12.12.2025,TABLE AGENDA ITEM,01,"FINANCIAL ASSISTANCE FOR MEDICAL TREATMENT OF RETIRED POLICE OFFICER MR. SADIQ KAMAL","-","Case taken up with FD on 22.12.2025.","Finance, Health","Completed (Health)","On Target","08/01/2026 - Remaining 1 day",On Target
42,12.12.2025,GENERAL DIRECTIONS,01,"GENERAL DIRECTIONS: Procurement of bullet-proof vehicles to be processed for pooling","-","Case taken up with HIT Taxila on 26.12.2025.","Administration","On Target","On Target","15/01/2026 - Remaining 8 days",On Target
42,12.12.2025,GENERAL DIRECTIONS,02,"GENERAL DIRECTIONS: Provision of one Toyota Fortuner for Chairman and two motorcars for Members of KP Services Tribunal","-","Case taken up with FD on 19.12.2025. Rs 31.6 M released on 23.12.2025.","Administration, Finance","Completed","Completed","31/12/2025",Completed
41,05.12.2025,AGENDA ITEM,01,"PROVISION OF SUPPLEMENTARY GRANT FOR COMPLETION OF ONGOING DISTRICT DEVELOPMENT PLANS","-","Case taken up with FD on 10.12.2025. Rs. 4,928.51 million released on 23.12.2025","Finance, Planning & Development","Completed (P&D)","On Target","15/01/2026 - Remaining 8 days",On Target
41,05.12.2025,AGENDA ITEM,02,"REPORT OF CABINET'S COMMITTEE REGARDING WRIT PETITION NO. 447-P/2024 SWALZAR KHAN VS GOVERNMENT","-","Speaking order in light of Cabinet's decision issue on 11.12.2025.","Home & Tribal Affairs","Completed","Completed","24/12/2025",Completed
41,05.12.2025,AGENDA ITEM,03,"DISTRIBUTION POLICY FOR RESERVED SEATS IN MEDICAL/DENTAL COLLEGES FOR ERSTWHILE FATA CANDIDATES","-","Referred to Standing Committee.","Home & Tribal Affairs","","Completed","25/12/2025",Completed
41,05.12.2025,AGENDA ITEM,04,"CONTEMPT OF COURT PETITION NO.230-P/2024 REGARDING SHAHEED ASSISTANCE PACKAGE","-","Rs 1.0 M released by FD on 18.12.2025","Home & Tribal Affairs","Completed","Completed","19/12/2025",Completed
41,05.12.2025,AGENDA ITEM,05,"APPLICATION FOR RECOMMENDATION FOR WITHDRAWAL OF CASES 9TH AND 10TH MAY 2023","-","Cabinet decision communicated on 9.12.2025. Mr M Inam Khan Yusafzai notified as Add AG on 10.12.2025","Home & Tribal Affairs","Completed","Completed","25/12/2025",Completed
41,05.12.2025,AGENDA ITEM,06,"APPROVAL OF NEW KHYBER PAKHTUNKHWA POSTING AND TRANSFER POLICY, 2025","-","Case taken up with the Committee on 09.12.2025","Establishment","On Target","Completed","12/12/2025",Completed
41,05.12.2025,AGENDA ITEM,07,"WAY FORWARD ON AUCTION OF PLACER GOLD BLOCKS, FORMATION OF INQUIRY COMMITTEE","-","Committee notified on 10.12.2025.","Administration","Completed","Completed","15/12/2025",Completed
41,05.12.2025,AGENDA ITEM,08,"POSTING AGAINST POSTS OF CHIEF EXECUTIVE OFFICERS, WATER & SANITATION SERVICES COMPANIES","-","Case submitted to Standing Committee on 15.12.2025","LG & RDD","On Target","Completed","23/12/2025",Completed
41,05.12.2025,AGENDA ITEM,09,"WHEAT PROCUREMENT FOR PROVINCIAL STRATEGIC RESERVES THROUGH VIABLE OPTIONS","-","-","Food","Completed","On Target","31/01/2026 - Remaining 24 days",On Target
41,05.12.2025,ADD AGENDA ITEM,01,"REPORT OF COMMITTEE ON ACTION IN AID OF CIVIL POWERS","-","Case circulated to all concerned on 12.12.2025.","Home & Tribal Affairs","Completed","On Target","09/01/2026 - Remaining 2 days",On Target
41,05.12.2025,ADD AGENDA ITEM,02,"PROPOSAL FOR DE-NOTIFICATION OF ACQUIRED LAND FOR GENERAL BUS STAND AT QAMBAR BYPASS, MINGORA","-","Cabinet decision communicated on 09.12.2025.","LG & RDD","On Target","Overdue","12/12/2025 - Delay 25 days",Overdue
41,05.12.2025,ADD AGENDA ITEM,03,"CONSTITUTION OF KHYBER PAKHTUNKHWA SUGARCANE AND SUGAR BEET CONTROL BOARD FOR 2025-26","-","Board notified on 10.12.2025.","Food","Completed","Completed","17/12/2025",Completed
41,05.12.2025,TABLE AGENDA ITEM,01,"COMMISSION/TRIBUNAL/COMMITTEE OF INQUIRY UNDER WEST PAKISTAN TRIBUNAL OF INQUIRY ORDINANCE, 1969","-","Case taken up with Secy Provincial Assembly on 10.12.2025","Home & Tribal Affairs","Completed","Completed","08/01/2026",Completed
41,05.12.2025,TABLE AGENDA ITEM,02,"ESTABLISHMENT OF ARSHAD SHARIF SHAHEED CAMPUS OF JOURNALISM & MASS COMMUNICATION","-","PC-1 submitted to P&D on 03.12.2025.","Higher Education","Completed","Completed","19/12/2025",Completed
41,05.12.2025,TABLE AGENDA ITEM,03,"RECONSIDERATION OF CABINET DECISION REGARDING EXEMPTIONS GRANTED TO AUTONOMOUS BODIES FROM ETEA","-","Notification issued on 11.12.2025","Higher Education","Completed","Completed","17/12/2025",Completed
41,05.12.2025,TABLE AGENDA ITEM,04,"FINANCIAL ASSISTANCE (MRS. BIBI AMINA W/O SYED SARFARAZ)","-","Case taken up with FD on 09.12.2025. Rs 6.85 M released on 16.12.2025.","Finance, Health","Completed","Completed","19/12/2025",Completed
41,05.12.2025,TABLE AGENDA ITEM,05,"FINANCIAL ASSISTANCE (MISS REEMIKA RAM)","-","Case taken up with FD on 10.12.2025. Rs 3.5 M released on 06.12.2025.","Finance, Health","Completed","Completed","23/12/2025",Completed
41,05.12.2025,GENERAL INSTRUCTIONS,01,"GENERAL INSTRUCTIONS: Additional Rs. 150 million for Counter Terrorism Department as supplementary grant","-","Case taken up with FD on 18.12.2025","Finance, Home & Tribal Affairs","Completed (Home)","Completed","31/12/2025",Completed
41,05.12.2025,GENERAL INSTRUCTIONS,02,"GENERAL INSTRUCTIONS: District Administration authorized to arrange Bullet Proofing from Secret Service Charges","-","Case taken up with DCs on 03.12.2025","Administration","On Target","On Target","06/01/2026 - Remaining 0 days",On Target
41,05.12.2025,GENERAL INSTRUCTIONS,03,"GENERAL INSTRUCTIONS: DC Khyber to arrange 3-day meals for truck drivers stuck at Torkham border","-","Meals provided as reported by RR&S vide letter dated 02.01.2026.","Relief Rehabilitation & Settlement","Completed","Completed","19/12/2025",Completed
40,14.11.2025,AGENDA ITEM,01,"SUBMISSION OF NON-ADP SCHEMES FOR APPROVAL: RE-CONSTRUCTION OF POLICE STATION CITY, SWABI","-","Swabi component approved by PDWP on 03.12.2025","Home & Tribal Affairs","Completed","Completed","08/12/2025",Completed
40,14.11.2025,AGENDA ITEM,02,"JOINT RESOLUTION NO.214 ADOPTED BY THE PROVINCIAL ASSEMBLY","-","Cabinet decision conveyed to Ministry of Interior on 19.11.2025","Home & Tribal Affairs","Completed","Completed","27/11/2025",Completed
40,14.11.2025,AGENDA ITEM,03,"JOINT RESOLUTION NO.216 ADOPTED BY THE PROVINCIAL ASSEMBLY","-","Case taken up with Ministry of Interior on 19.11.2025","Home & Tribal Affairs","Completed","Completed","27/11/2025",Completed
40,14.11.2025,AGENDA ITEM,04,"JOINT RESOLUTION NO.209 ADOPTED BY THE PROVINCIAL ASSEMBLY","-","Case taken up with Ministry of Interior islamabad on 19.11.2025.","Home & Tribal Affairs","Completed","Completed","27/11/2025",Completed
40,14.11.2025,AGENDA ITEM,05,"DRAFT KHYBER PAKHTUNKHWA WITNESS PROTECTION RULES, 2025","-","Rules notified on 18.11.2025","Home & Tribal Affairs","Completed","Completed","01/12/2025",Completed
40,14.11.2025,AGENDA ITEM,06,"GRANT OF PERSONAL UPGRADATION TO EMPLOYEES OF DEFUNCT FATA DC","-","Case taken up with FD on 20.11.2025. FD granted upgradation on 18.12.2025.","Finance, Home & Tribal Affairs","Completed","Completed","09/12/2025",Completed
40,14.11.2025,AGENDA ITEM,07,"AMENDMENT IN ARMS RULES, 2014","-","Rules notified on 24.11.2025","Home & Tribal Affairs","Completed","Completed","01/12/2025",Completed
40,14.11.2025,AGENDA ITEM,08,"REQUEST FOR EX-POST FACTO SANCTION ON RELAXATION OF BAN FOR TRAINING ABROAD","-","Case taken up with FD on 19.11.2025. Funds released on 03.12.2025","Finance, Home & Tribal Affairs","Completed","Completed","08/12/2025",Completed
40,14.11.2025,AGENDA ITEM,09,"RECRUITMENT OF SON/WIDOW UNDER THE SHUHUDA POLICY OF PROVINCIAL GOVERNMENT","-","Draft notification vetted on 28.11.2025. Policy notified on 05.12.2025","Law, Establishment","Completed","Completed","05/12/2025",Completed
40,14.11.2025,AGENDA ITEM,10,"ALLOCATION OF LAND FOR ESTABLISHMENT OF PSA-KP CAMPUS","NFA - item deferred.","-","Establishment","","Completed","18/11/2025",Completed
40,14.11.2025,AGENDA ITEM,11,"APPEAL FOR REPATRIATION TO PARENT DEPARTMENT/ESTABLISHMENT KHYBER PAKTHUNKHWA","-","Cabinet decision conveyed to Miss Anam Jehangir on 05.12.2025","Establishment","Completed","Completed","01/12/2025",Completed
40,14.11.2025,AGENDA ITEM,12,"AMENDMENTS IN THE PROTECTION AGAINST HARASSMENT OF WOMEN AT WORKPLACE ACT, 2010","-","Committee notified on 20.11.2025","Administration","Completed","Completed","12/12/2025",Completed
40,14.11.2025,AGENDA ITEM,13,"INTEGRATED FACE-LIFTING AND UPGRADING INFRASTRUCTURE IN PESHAWAR KATCHERY","-","Cabinet decision conveyed to Registrar PHC on 21.11.2025","Law","Completed","Completed","27/11/2025",Completed
40,14.11.2025,AGENDA ITEM,14,"ONLINE ACCESS TO SAP DATABASE FOR ENTRIES ON ACCOUNT OF RE-APPROPRIATION","-","Cabinet decision conveyed to Registrar PHC on 21.11.2025","Law","Completed","Completed","27/11/2025",Completed
40,14.11.2025,AGENDA ITEM,15,"PROVISION OF FUNDS FOR DECRETAL AMOUNT ON ACCOUNT OF LAND ACQUISITION CASES RELATED TO RING ROAD","-","Committee notified on 20.11.2025","Administration, C & W, BoR","Completed","Completed","27/11/2025",Completed
40,14.11.2025,AGENDA ITEM,16,"REVISION OF TOLL RATES, SWAT EXPRESSWAY PHASE-I (20% INCREASE)","-","Item deferred with directions.","C & W","Completed","Completed","28/11/2025",Completed
40,14.11.2025,AGENDA ITEM,17,"RELEASE OF APPROVED PAID-UP CAPITAL OF PKR 500 MILLION TO KPT&GSC","-","500 M released on 24.12.2025.","Energy & Power, Finance","Completed (Finance)","Completed","12/12/2025",Completed
40,14.11.2025,AGENDA ITEM,18,"INTEGRATION OF KP MOTOR VEHICLE REGISTRATION SYSTEM WITH NDRV","-","Draft agreement signed by DG Excise has been shared with NADRA.","Excise & Taxation","On Target","Overdue","31/12/2025 - Delay 6 days",Overdue
40,14.11.2025,AGENDA ITEM,19,"APPROVAL OF NON-ADP SCHEME CONSTRUCTION OF SEWERAGE INFRASTRUCTURE IN TOURISM DEVELOPMENT AUTHORITIES","-","PC-1 submitted to P&D on 15.12.2025","Culture Tourism Archaeology and Museums","Completed","Completed","12/12/2025",Completed
40,14.11.2025,AGENDA ITEM,20,"APPROVAL OF SUPPLEMENTARY GRANT FOR INSTALLATION OF HVAC SYSTEM IN PESHAWAR MUSEUM","-","Case taken up with FD on 26.11.2025. Rs 176 M released on 08.12.2025","Finance, Culture Tourism Archaeology and Museums","Completed","Completed","12/12/2025",Completed
40,14.11.2025,AGENDA ITEM,21,"EXTENSION IN DEPUTATION PERIOD OF MR. ABDUL WALI KHAN, MEMBER KPTB","-","Re-patriation order issued on 21.11.2025","E & SE","On Target","Completed","27/11/2025",Completed
40,14.11.2025,AGENDA ITEM,22,"REQUEST FOR GRANT-IN-AID","-","Committee notified on 20.11.2025. Rs 150M released on 28.11.2025","Administration, E & SE, Finance","Completed","Completed","09/12/2025",Completed
40,14.11.2025,AGENDA ITEM,23,"MERGING OF RESOURCE ALLOCATION OF 03 NOS ADP 2025-26 PROJECTS NOT REFLECTED UNDER PSDP","-","Revised PC-1 submitted to P&D on 18.12.2025.","Irrigation","Completed","Completed","17/12/2025",Completed
40,14.11.2025,AGENDA ITEM,24,"REQUEST FOR APPROVAL OF NEGOTIATED RATES FOR ACQUISITION OF 248 KANAL LAND FOR 157 MW MADYAN HYDROPOWER","-","Cabinet decision conveyed to DC-Swat & CEO-PEDO on 25.11.2025.","Energy & Power","Completed","Completed","27/11/2025",Completed
40,14.11.2025,AGENDA ITEM,25,"APPROVAL OF ESCALATED COST UNDER ONGOING 1ST REVISION PROPOSED SCHEME UP-GRADATION OF RESEARCH INSTITUTES","-","Deferred with directions.","Agriculture","Completed","Completed","27/11/2025",Completed
40,14.11.2025,AGENDA ITEM,26,"IDENTIFICATION OF LAND FOR GRAVEYARD IN DISTRICT D.I. KHAN","-","Notification issued on 18.12.2025.","Auqaf, BoR","Completed","Completed","11/12/2025",Completed
40,14.11.2025,AGENDA ITEM,27,"FINANCIAL SUPPORT FOR MEDICAL TREATMENT","-","Case taken up with FD on 19.11.2025. Financial assistance Rs 58.01 M released on 02.12.2025","Finance, Health","Completed","Completed","09/12/2025",Completed
40,14.11.2025,AGENDA ITEM,28,"FINANCIAL SUPPORT FOR MEDICAL TREATMENT","-","Cabinet decision conveyed to Provincial Assembly Secretariat on 21.11.2025","Finance, Health","Completed","Completed","09/12/2025",Completed
40,14.11.2025,AGENDA ITEM,29,"RESOLUTION NO.49 ADOPTED BY THE PROVINCIAL ASSEMBLY","-","Cabinet decision conveyed to Provincial Assembly Secretariat on 21.11.2025","Health","Completed","Completed","27/11/2025",Completed
40,14.11.2025,AGENDA ITEM,30,"RESOLUTION NO.19 ADOPTED BY THE PROVINCIAL ASSEMBLY","-","Cabinet decision conveyed to Provincial Assembly Secretariat on 21.11.2025","Health","Completed","Completed","27/11/2025",Completed
40,14.11.2025,AGENDA ITEM,31,"APPROVAL FOR NON-ADP SCHEME PAYMENT OF SALARIES FOR 345 IHP VACCINATORS","-","PC-1 submitted to P&D on 27.11.2025.","Health","Completed","Completed","12/12/2025",Completed
40,14.11.2025,AGENDA ITEM,32,"REQUEST FOR FINANCIAL ASSISTANCE FOR LIVER TRANSPLANT","-","Case taken up with FD on 18.11.2025. Financial assistance Rs 8.07 M released on 26.11.2025","Finance, Health","Completed","Completed","17/12/2025",Completed
40,14.11.2025,AGENDA ITEM,33,"PROVISION FOR CONTRACTOR DECRETAL/ACCRUED LIABILITIES UNCASHED CHEQUES UPGRADATION OF BHU AKBAR PURA","-","HD taken up case with P&D on 24.11.2025","Health","Completed","Completed","12/12/2025",Completed
40,14.11.2025,AGENDA ITEM,34,"POSTING/TRANSFER OF DR. MOIZ AHMAD MEDICAL OFFICER TO MTI HOSPITAL, DHQ D.I.KHAN","-","Transfer notification issued on 01.12.2025","Health","Completed","Completed","01/12/2025",Completed
40,14.11.2025,AGENDA ITEM,35,"REQUEST FOR SUPPLEMENTARY GRANT FOR CAPACITY BUILDING OF DIRECTORATE OF INFORMATION","-","P&D has taken up case with FD on 08.12.2025. Rs 44.225 released on 19.12.2025.","Information & Public Relations, Finance, Planning & Development","Completed","Completed","17/12/2025",Completed
40,14.11.2025,AGENDA ITEM,36,"UNAUTHORIZED OCCUPATION OF SUB LEASE PROPERTY BY COACHING CENTRE AT QAYYUM SPORTS COMPLEX","-","Sports intimated on 17.12.2025 that stay has been granted.","Sports & Youth Affairs","Completed","Overdue other reason","12/12/2025",Overdue other reason
40,14.11.2025,AGENDA ITEM,37,"SPECIAL GRANT IN AID FOR SHANDUR POLO WINNERS","-","Case taken up with FD on 18.11.2025. Rs 35.2 M released on 01.12.2025","Finance, Sports & Youth Affairs","Completed","Completed","09/12/2025",Completed
40,14.11.2025,AGENDA ITEM,38,"APPROVAL OF FINANCIAL ASSISTANCE FOR MR. KHAN SAEED AFRIDI (MUAYTHAI KICKBOXER)","-","Case taken up with FD on 18.11.2025. Rs 2 M released on 28.11.2025","Finance, Sports & Youth Affairs","Completed","Completed","09/12/2025",Completed
40,14.11.2025,AGENDA ITEM,39,"REVISION OF ADP SCHEME COMMUNITY DAIRY AND MEAT DEVELOPMENT IN KP","-","Scheme closed as advised by P&D.","Livestock Fisheries and Cooperative","","Completed","01/12/2025",Completed
40,14.11.2025,AGENDA ITEM,40,"REVISION OF ADP SCHEME INTEGRATED LIVESTOCK DEVELOPMENT PROGRAM KP (PHASE-I)","-","Committee notified on 20.11.2025","Administration","Completed","Completed","27/11/2025",Completed
40,14.11.2025,AGENDA ITEM,41,"NON-ADP SCHEME SUPPORTING POOR FARMERS THROUGH PROVISION OF ONE COW TO ONE FARMER","-","Committee notified on 20.11.2025","Administration","Completed","Completed","27/11/2025",Completed
40,14.11.2025,AGENDA ITEM,42,"APPROVAL OF NON-ADP SCHEMES FOR IMMEDIATE RELIEF SUPPORT TO TDPs","-","PC-I submitted on 26.11.2025","Relief Rehabilitation & Settlement","On Target","Completed","12/12/2025",Completed
40,14.11.2025,AGENDA ITEM,43,"EX-POST FACTO APPROVAL FOR DECLARATIONS OF EMERGENCY UNDER NATIONAL DISASTER MANAGEMENT ACT","-","Notifications already issued on 15.08.2025 and 19.08.2025","Relief Rehabilitation & Settlement","Completed","Completed","21/11/2025",Completed
40,14.11.2025,AGENDA ITEM,44,"SPECIAL COMPENSATION PACKAGE FOR DECEASED OF DROWNED FISHERMEN IN SEA IN OMAN","-","Case taken up with FD on 19.11.2025. Rs 16 M released on 21.11.2025","Relief Rehabilitation & Settlement, Finance","Completed (Finance)","Completed","08/12/2025",Completed
40,14.11.2025,AGENDA ITEM,45,"ESTABLISHMENT OF TEMPORARY DISPLACED PERSONS CAMPS IN DISTRICT KURRAM AND HANGU","-","Case taken up with FD on 19.11.2025. Rs 925 M released on 01.12.2025","Relief Rehabilitation & Settlement, Finance","Completed (Finance)","Completed","09/12/2025",Completed
40,14.11.2025,AGENDA ITEM,46,"AMENDMENTS IN THE KHYBER PAKHTUNKHWA UNIVERSITIES ACT 2012","-","Bill forwarded for Minister signatures on 26.11.2025. HED sent signed bill to Law on 16.12.2025.","Law, Higher Education","Completed","Overdue","12/12/2025 - Delay 25 days",Overdue
40,14.11.2025,ADD AGENDA ITEM,01,"JOINT RESOLUTION NO. 212 ADOPTED BY THE PROVINCIAL ASSEMBLY","-","Cabinet decision conveyed to AG on 18.11.2025. Committee notified on 20.11.2025","Administration, Home & Tribal Affairs","Completed","Completed","27/11/2025",Completed
40,14.11.2025,ADD AGENDA ITEM,02,"COMMISSION/TRIBUNAL/COMMITTEE OF INQUIRY (RADIO PAKISTAN PESHAWAR CASE)","-","Committee notified on 20.11.2025","Home & Tribal Affairs","Completed","Completed","27/11/2025",Completed
40,14.11.2025,ADD AGENDA ITEM,03,"JOINT RESOLUTION NO. 204 ADOPTED BY THE PROVINCIAL ASSEMBLY","-","Case taken up with Ministry of Interior, Islamabad on 19.11.2025","Home & Tribal Affairs","Completed","Completed","27/11/2025",Completed
40,14.11.2025,ADD AGENDA ITEM,04,"APPROVAL FOR REMUNERATION FOR APPOINTMENT OF LEGAL ADVISOR TO KPRA","-","Remuneration approved by Cabinet.","Finance","Completed","Completed","01/12/2025",Completed
40,14.11.2025,ADD AGENDA ITEM,05,"REVIVAL OF ADP SCHEME CONSTRUCTION OF SHINGLED ROADS IN SWA (20-KMS)","-","-","C & W","Completed","Overdue","12/12/2025 - Delay 25 days",Overdue
40,14.11.2025,ADD AGENDA ITEM,06,"REVISION OF SCHEME CONSTRUCTION AND IMPROVEMENT OF SIGRAM BYPASS ROAD SWAT","-","Revised AA issued on 21.11.2025","C & W","Completed","Completed","01/12/2025",Completed
40,14.11.2025,ADD AGENDA ITEM,07,"GRANT FOR PTC FUNDS UNDER KP FACILITY LEVEL BUDGETING AND EXPENDITURE MANAGEMENT POLICY","-","District-wise break-up provided to FD on 08.12.2025. Funds released on 11.12.2025.","E & SE, Finance","Completed (Finance)","Completed","20/12/2025",Completed
40,14.11.2025,ADD AGENDA ITEM,08,"RELEASE OF RS. 30.00 MILLION AS GRANT-IN-AID TO KERNAL SHER KHAN CADET COLLEGE SWABI","-","Case taken up with FD on 19.11.2025. GIA of Rs 30 M released on 03.12.205","E & SE, Finance","Completed (Finance)","Completed","09/12/2025",Completed
40,14.11.2025,ADD AGENDA ITEM,09,"DRAFT AMENDMENT IN THE KHYBER PAKHTUNKHWA TEACHERS ACT, 2022","-","Committee notified on 20.11.2025","Administration, E & SE","Completed","Completed","27/11/2025",Completed
40,14.11.2025,ADD AGENDA ITEM,10,"ESTABLISHMENT MONTHLY SUSTENANCE AND FOOD RATION ALLOWANCE TO TDPS OF NORTH WAZIRISTAN","Ex-post facto approval granted.","-","Relief Rehabilitation & Settlement","Completed","Completed","27/11/2025",Completed
40,14.11.2025,ADD AGENDA ITEM,11,"REQUISITION OF SERVICES OF MS. SHEEMA AYUB, DEPUTY PUBLIC PROSECUTOR","-","Deputation order issued on 26.11.2025","Law, Home & Tribal Affairs","Completed","Completed","30/11/2025",Completed
40,14.11.2025,ADD AGENDA ITEM,12,"TRANSFER OF STATE LAND MEASURING 20 KANAL FOR ESTABLISHMENT OF GOVERNMENT GIRLS DEGREE COLLEGE","-","Notification issued on 10.12.2025.","Higher Education, BoR","Completed","Completed","04/12/2025",Completed
40,14.11.2025,ADD AGENDA ITEM,13,"APPROVAL OF FINANCIAL ASSISTANCE TO 15 STUDENTS OF KP AT BEACON HOUSE NATIONAL UNIVERSITY","-","Cabinet decision conveyed to VC-BNU on 28.11.2025","Higher Education","Completed","Completed","21/11/2025",Completed
40,14.11.2025,ADD AGENDA ITEM,14,"STANDARDIZATION OF LABORATORY TEST CHARGES IN PUBLIC HEALTH FACILITIES","-","Rates along with Rates Fixation Committee notified on 20.11.2025.","Health","Completed","Completed","05/12/2025",Completed
40,14.11.2025,ADD AGENDA ITEM,15,"INTEGRATION OF WOMEN & CHILDREN HOSPITAL D.I.KHAN INTO MTI","-","Notification issued on 25.11.2025.","Health","Completed","Completed","27/11/2025",Completed
40,14.11.2025,ADD AGENDA ITEM,16,"FUTURE DESIGN OF SEHAT CARD PLUS PROGRAMME OPTIONS FOR CONSIDERATION","-","-","Health","","Overdue","12/12/2025 - Delay 25 days",Overdue
40,14.11.2025,ADD AGENDA ITEM,18,"CONSIDERATION OF DEMANDS PRESENTED BY REPRESENTATIVES OF QABAILI UNION OF JOURNALISTS","-","Case taken up with FD on 19.11.2025. Rs 10 M released on 24.11.2025","Information & Public Relations, Finance","Completed","Completed","08/12/2025",Completed
40,14.11.2025,ADD AGENDA ITEM,19,"PROVINCIAL ACTION PLAN ON CHILD LABOUR 2025 KHYBER PAKHTUNKHWA","-","Notification issued on 18.11.2025","Labour","Completed","Completed","01/12/2025",Completed
40,14.11.2025,TABLE AGENDA ITEM,01,"POSSESSION OF GOVERNOR'S BLOCK, KHYBER PAKHTUNKHWA HOUSE, ISLAMABAD","-","-","Administration","","Completed","21/11/2025",Completed
40,14.11.2025,GENERAL INSTRUCTIONS,01,"GENERAL INSTRUCTIONS: Standing Committee of the Cabinet constituted to replace previous Committees","-","Standing Committee notified on 20.11.2025","Administration","Completed","Completed","27/11/2025",Completed
40,14.11.2025,GENERAL INSTRUCTIONS,02,"GENERAL INSTRUCTIONS: Home Department to examine possibility of grant of Arms Licenses for AK-47","-","Case will be presented to Cabinet","Home & Tribal Affairs","","Completed","27/11/2025",Completed
